Prefecture,Sub-Pref,Municipality-Large,Municipality-Small,num_ref,num_points
北海道,石狩振興局,札幌市,北区,01102,0
北海道,石狩振興局,札幌市,厚別区,01108,0
北海道,石狩振興局,札幌市,手稲区,01109,0
北海道,石狩振興局,札幌市,清田区,01110,0
北海道,十勝総合振興局,,帯広市,01207,0
北海道,空知総合振興局,,夕張市,01209,0
北海道,空知総合振興局,,岩見沢市,01210,0
北海道,空知総合振興局,,美唄市,01215,0
北海道,空知総合振興局,,赤平市,01218,0
北海道,上川総合振興局,,士別市,01220,0
北海道,上川総合振興局,,名寄市,01221,0
北海道,空知総合振興局,,砂川市,01226,0
北海道,石狩振興局,石狩郡,当別町,01303,0
北海道,石狩振興局,石狩郡,新篠津村,01304,0
北海道,檜山振興局,爾志郡,乙部町,01364,0
北海道,後志総合振興局,島牧郡,島牧村,01391,0
北海道,後志総合振興局,寿都郡,寿都町,01392,0
北海道,後志総合振興局,磯谷郡,蘭越町,01394,0
北海道,後志総合振興局,虻田郡,真狩村,01396,0
北海道,後志総合振興局,虻田郡,留寿都村,01397,0
北海道,後志総合振興局,虻田郡,喜茂別町,01398,0
北海道,後志総合振興局,虻田郡,京極町,01399,0
北海道,後志総合振興局,岩内郡,共和町,01401,0
北海道,後志総合振興局,岩内郡,岩内町,01402,0
北海道,後志総合振興局,古宇郡,泊村,01403,0
北海道,後志総合振興局,古宇郡,神恵内村,01404,0
北海道,後志総合振興局,積丹郡,積丹町,01405,0
北海道,後志総合振興局,古平郡,古平町,01406,0
北海道,後志総合振興局,余市郡,仁木町,01407,0
北海道,後志総合振興局,余市郡,余市町,01408,0
北海道,後志総合振興局,余市郡,赤井川村,01409,0
北海道,空知総合振興局,空知郡,南幌町,01423,0
北海道,空知総合振興局,空知郡,奈井江町,01424,0
北海道,空知総合振興局,空知郡,上砂川町,01425,0
北海道,空知総合振興局,夕張郡,由仁町,01427,0
北海道,空知総合振興局,夕張郡,長沼町,01428,0
北海道,空知総合振興局,夕張郡,栗山町,01429,0
北海道,空知総合振興局,樺戸郡,月形町,01430,0
北海道,空知総合振興局,樺戸郡,浦臼町,01431,0
北海道,空知総合振興局,樺戸郡,新十津川町,01432,0
北海道,上川総合振興局,上川郡,鷹栖町,01452,0
北海道,上川総合振興局,上川郡,比布町,01455,0
北海道,上川総合振興局,上川郡,美瑛町,01459,0
北海道,上川総合振興局,空知郡,上富良野町,01460,0
北海道,上川総合振興局,空知郡,南富良野町,01462,0
北海道,上川総合振興局,勇払郡,占冠村,01463,0
北海道,上川総合振興局,中川郡,美深町,01469,0
北海道,留萌振興局,増毛郡,増毛町,01481,0
北海道,留萌振興局,天塩郡,天塩町,01487,0
北海道,オホーツク総合振興局,紋別郡,滝上町,01560,0
北海道,胆振総合振興局,虻田郡,豊浦町,01571,0
北海道,胆振総合振興局,有珠郡,壮瞥町,01575,0
北海道,胆振総合振興局,白老郡,白老町,01578,0
北海道,胆振総合振興局,虻田郡,洞爺湖町,01584,0
北海道,日高振興局,沙流郡,日高町,01601,0
北海道,日高振興局,沙流郡,平取町,01602,0
北海道,日高振興局,新冠郡,新冠町,01604,0
北海道,日高振興局,日高郡,新ひだか町,01610,0
北海道,十勝総合振興局,河東郡,音更町,01631,0
北海道,十勝総合振興局,河東郡,士幌町,01632,0
北海道,十勝総合振興局,河東郡,鹿追町,01634,0
北海道,十勝総合振興局,上川郡,新得町,01635,0
北海道,十勝総合振興局,上川郡,清水町,01636,0
北海道,十勝総合振興局,河西郡,芽室町,01637,0
北海道,十勝総合振興局,河西郡,中札内村,01638,0
北海道,十勝総合振興局,河西郡,更別村,01639,0
北海道,十勝総合振興局,広尾郡,広尾町,01642,0
北海道,十勝総合振興局,中川郡,幕別町,01643,0
北海道,十勝総合振興局,中川郡,池田町,01644,0
北海道,十勝総合振興局,中川郡,豊頃町,01645,0
北海道,十勝総合振興局,中川郡,本別町,01646,0
北海道,十勝総合振興局,足寄郡,足寄町,01647,0
北海道,十勝総合振興局,足寄郡,陸別町,01648,0
北海道,十勝総合振興局,十勝郡,浦幌町,01649,0
北海道,釧路総合振興局,川上郡,標茶町,01664,0
北海道,釧路総合振興局,白糠郡,白糠町,01668,0
北海道,根室振興局,標津郡,中標津町,01692,0
北海道,根室振興局,色丹郡,色丹村,01695,0
北海道,根室振興局,蘂取郡,蘂取村,01700,0
青森県,,,黒石市,02204,0
青森県,,,つがる市,02209,0
青森県,,上北郡,野辺地町,02401,0
岩手県,,,二戸市,03213,0
岩手県,,,滝沢市,03216,0
岩手県,,岩手郡,雫石町,03301,0
岩手県,,紫波郡,紫波町,03321,0
岩手県,,紫波郡,矢巾町,03322,0
岩手県,,胆沢郡,金ケ崎町,03381,0
岩手県,,西磐井郡,平泉町,03402,0
宮城県,,,白石市,04206,0
宮城県,,,岩沼市,04211,0
宮城県,,,登米市,04212,0
宮城県,,,栗原市,04213,0
宮城県,,刈田郡,蔵王町,04301,0
宮城県,,刈田郡,七ヶ宿町,04302,0
宮城県,,柴田郡,大河原町,04321,0
宮城県,,柴田郡,村田町,04322,0
宮城県,,伊具郡,丸森町,04341,0
宮城県,,黒川郡,大衡村,04424,0
宮城県,,加美郡,色麻町,04444,0
宮城県,,加美郡,加美町,04445,0
宮城県,,遠田郡,涌谷町,04501,0
宮城県,,遠田郡,美里町,04505,0
山形県,,,鶴岡市,06203,0
山形県,,,寒河江市,06206,0
山形県,,,上山市,06207,0
山形県,,,村山市,06208,0
山形県,,,長井市,06209,0
山形県,,,天童市,06210,0
山形県,,,東根市,06211,0
山形県,,,南陽市,06213,0
山形県,,東村山郡,山辺町,06301,0
山形県,,西村山郡,河北町,06321,0
山形県,,西村山郡,西川町,06322,0
山形県,,東置賜郡,高畠町,06381,0
山形県,,東置賜郡,川西町,06382,0
山形県,,西置賜郡,白鷹町,06402,0
山形県,,東田川郡,三川町,06426,0
山形県,,東田川郡,庄内町,06428,0
山形県,,飽海郡,遊佐町,06461,0
福島県,,,二本松市,07210,0
福島県,,,伊達市,07213,0
福島県,,,本宮市,07214,0
福島県,,伊達郡,桑折町,07301,0
福島県,,伊達郡,国見町,07303,0
福島県,,岩瀬郡,鏡石町,07342,0
福島県,,南会津郡,下郷町,07362,0
福島県,,耶麻郡,北塩原村,07402,0
福島県,,耶麻郡,磐梯町,07407,0
福島県,,耶麻郡,猪苗代町,07408,0
福島県,,河沼郡,会津坂下町,07421,0
福島県,,河沼郡,湯川村,07422,0
福島県,,西白河郡,西郷村,07461,0
福島県,,西白河郡,中島村,07465,0
福島県,,西白河郡,矢吹町,07466,0
福島県,,東白川郡,鮫川村,07484,0
福島県,,石川郡,古殿町,07505,0
福島県,,田村郡,三春町,07521,0
茨城県,,,結城市,08207,0
茨城県,,,龍ケ崎市,08208,0
茨城県,,,下妻市,08210,0
茨城県,,,常総市,08211,0
茨城県,,,高萩市,08214,0
茨城県,,,北茨城市,08215,0
茨城県,,,笠間市,08216,0
茨城県,,,ひたちなか市,08221,0
茨城県,,,守谷市,08224,0
茨城県,,,常陸大宮市,08225,0
茨城県,,,稲敷市,08229,0
茨城県,,,かすみがうら市,08230,0
茨城県,,,鉾田市,08234,0
茨城県,,東茨城郡,茨城町,08302,0
茨城県,,那珂郡,東海村,08341,0
茨城県,,久慈郡,大子町,08364,0
茨城県,,稲敷郡,美浦村,08442,0
茨城県,,稲敷郡,阿見町,08443,0
茨城県,,稲敷郡,河内町,08447,0
茨城県,,結城郡,八千代町,08521,0
茨城県,,北相馬郡,利根町,08564,0
栃木県,,,小山市,09208,0
栃木県,,,真岡市,09209,0
栃木県,,芳賀郡,茂木町,09343,0
栃木県,,芳賀郡,市貝町,09344,0
栃木県,,芳賀郡,芳賀町,09345,0
栃木県,,下都賀郡,野木町,09364,0
栃木県,,塩谷郡,高根沢町,09386,0
群馬県,,,沼田市,10206,0
群馬県,,,渋川市,10208,0
群馬県,,,富岡市,10210,0
群馬県,,,安中市,10211,0
群馬県,,北群馬郡,榛東村,10344,0
群馬県,,北群馬郡,吉岡町,10345,0
群馬県,,佐波郡,玉村町,10464,0
埼玉県,,,狭山市,11215,0
埼玉県,,,入間市,11225,0
埼玉県,,,朝霞市,11227,0
埼玉県,,,志木市,11228,0
埼玉県,,,和光市,11229,0
埼玉県,,,新座市,11230,0
埼玉県,,,桶川市,11231,0
埼玉県,,,北本市,11233,0
埼玉県,,,富士見市,11235,0
埼玉県,,,日高市,11242,0
埼玉県,,,ふじみ野市,11245,0
埼玉県,,北足立郡,伊奈町,11301,0
埼玉県,,入間郡,三芳町,11324,0
埼玉県,,入間郡,毛呂山町,11326,0
埼玉県,,入間郡,越生町,11327,0
千葉県,,,茂原市,12210,0
千葉県,,,東金市,12213,0
千葉県,,,市原市,12219,0
千葉県,,,八千代市,12221,0
千葉県,,,鎌ケ谷市,12224,0
千葉県,,,浦安市,12227,0
千葉県,,,四街道市,12228,0
千葉県,,,袖ケ浦市,12229,0
千葉県,,,印西市,12231,0
千葉県,,,白井市,12232,0
千葉県,,,匝瑳市,12235,0
千葉県,,,香取市,12236,0
千葉県,,,山武市,12237,0
千葉県,,,大網白里市,12239,0
千葉県,,香取郡,神崎町,12342,0
千葉県,,香取郡,東庄町,12349,0
千葉県,,山武郡,九十九里町,12403,0
千葉県,,山武郡,芝山町,12409,0
千葉県,,山武郡,横芝光町,12410,0
東京都,,,荒川区,13118,0
東京都,,,調布市,13208,0
東京都,,,日野市,13212,0
東京都,,,東村山市,13213,0
東京都,,,国立市,13215,0
東京都,,,狛江市,13219,0
東京都,,,東大和市,13220,0
東京都,,,清瀬市,13221,0
東京都,,,武蔵村山市,13223,0
東京都,,,稲城市,13225,0
東京都,,大島支庁,利島村,13362,0
東京都,,大島支庁,神津島村,13364,0
神奈川県,,横浜市,鶴見区,14101,0
神奈川県,,横浜市,港北区,14109,0
神奈川県,,川崎市,中原区,14133,0
神奈川県,,川崎市,宮前区,14136,0
神奈川県,,相模原市,中央区,14152,0
神奈川県,,,平塚市,14203,0
神奈川県,,,小田原市,14206,0
神奈川県,,,逗子市,14208,0
神奈川県,,,秦野市,14211,0
神奈川県,,三浦郡,葉山町,14301,0
神奈川県,,中郡,大磯町,14341,0
神奈川県,,中郡,二宮町,14342,0
神奈川県,,足柄上郡,中井町,14361,0
神奈川県,,足柄上郡,大井町,14362,0
神奈川県,,足柄上郡,松田町,14363,0
神奈川県,,足柄上郡,山北町,14364,0
神奈川県,,足柄下郡,箱根町,14382,0
神奈川県,,足柄下郡,真鶴町,14383,0
神奈川県,,足柄下郡,湯河原町,14384,0
新潟県,,,柏崎市,15205,0
新潟県,,,小千谷市,15208,0
新潟県,,,見附市,15211,0
新潟県,,,村上市,15212,0
新潟県,,,燕市,15213,0
新潟県,,,五泉市,15218,0
新潟県,,,上越市,15222,0
新潟県,,,胎内市,15227,0
新潟県,,北蒲原郡,聖籠町,15307,0
新潟県,,西蒲原郡,弥彦村,15342,0
新潟県,,南蒲原郡,田上町,15361,0
新潟県,,三島郡,出雲崎町,15405,0
新潟県,,刈羽郡,刈羽村,15504,0
新潟県,,岩船郡,関川村,15581,0
富山県,,,滑川市,16206,0
富山県,,中新川郡,立山町,16323,0
福井県,,,勝山市,18206,0
福井県,,吉田郡,永平寺町,18322,0
福井県,,南条郡,南越前町,18404,0
山梨県,,,韮崎市,19207,0
山梨県,,,甲斐市,19210,0
山梨県,,南巨摩郡,南部町,19366,0
山梨県,,南都留郡,道志村,19422,0
山梨県,,南都留郡,鳴沢村,19429,0
山梨県,,北都留郡,小菅村,19442,0
長野県,,,須坂市,20207,0
長野県,,,小諸市,20208,0
長野県,,,中野市,20211,0
長野県,,,飯山市,20213,0
長野県,,,茅野市,20214,0
長野県,,,千曲市,20218,0
長野県,,,東御市,20219,0
長野県,,,安曇野市,20220,0
長野県,,南佐久郡,小海町,20303,0
長野県,,南佐久郡,川上村,20304,0
長野県,,南佐久郡,南牧村,20305,0
長野県,,南佐久郡,南相木村,20306,0
長野県,,南佐久郡,北相木村,20307,0
長野県,,北佐久郡,軽井沢町,20321,0
長野県,,北佐久郡,御代田町,20323,0
長野県,,小県郡,青木村,20349,0
長野県,,小県郡,長和町,20350,0
長野県,,諏訪郡,富士見町,20362,0
長野県,,諏訪郡,原村,20363,0
長野県,,上伊那郡,辰野町,20382,0
長野県,,上伊那郡,箕輪町,20383,0
長野県,,上伊那郡,飯島町,20384,0
長野県,,上伊那郡,中川村,20386,0
長野県,,上伊那郡,宮田村,20388,0
長野県,,下伊那郡,平谷村,20409,0
長野県,,木曽郡,上松町,20422,0
長野県,,木曽郡,木祖村,20425,0
長野県,,木曽郡,王滝村,20429,0
長野県,,木曽郡,大桑村,20430,0
長野県,,東筑摩郡,麻績村,20446,0
長野県,,東筑摩郡,生坂村,20448,0
長野県,,東筑摩郡,山形村,20450,0
長野県,,東筑摩郡,朝日村,20451,0
長野県,,東筑摩郡,筑北村,20452,0
岐阜県,,,瑞浪市,21208,0
岐阜県,,,羽島市,21209,0
岐阜県,,,恵那市,21210,0
岐阜県,,,土岐市,21212,0
岐阜県,,,山県市,21215,0
岐阜県,,,瑞穂市,21216,0
岐阜県,,,海津市,21221,0
岐阜県,,羽島郡,岐南町,21302,0
岐阜県,,羽島郡,笠松町,21303,0
岐阜県,,不破郡,関ケ原町,21362,0
岐阜県,,安八郡,安八町,21383,0
岐阜県,,揖斐郡,揖斐川町,21401,0
岐阜県,,揖斐郡,大野町,21403,0
岐阜県,,揖斐郡,池田町,21404,0
岐阜県,,本巣郡,北方町,21421,0
静岡県,,静岡市,清水区,22103,0
静岡県,,,三島市,22206,0
静岡県,,,伊東市,22208,0
静岡県,,,焼津市,22212,0
静岡県,,,御殿場市,22215,0
静岡県,,,伊豆市,22222,0
静岡県,,,伊豆の国市,22225,0
静岡県,,賀茂郡,東伊豆町,22301,0
静岡県,,賀茂郡,河津町,22302,0
静岡県,,駿東郡,清水町,22341,0
静岡県,,駿東郡,長泉町,22342,0
静岡県,,駿東郡,小山町,22344,0
愛知県,,,瀬戸市,23204,0
愛知県,,,半田市,23205,0
愛知県,,,豊川市,23207,0
愛知県,,,碧南市,23209,0
愛知県,,,安城市,23212,0
愛知県,,,常滑市,23216,0
愛知県,,,江南市,23217,0
愛知県,,,稲沢市,23220,0
愛知県,,,大府市,23223,0
愛知県,,,知多市,23224,0
愛知県,,,尾張旭市,23226,0
愛知県,,,豊明市,23229,0
愛知県,,,日進市,23230,0
愛知県,,,清須市,23233,0
愛知県,,,北名古屋市,23234,0
愛知県,,,みよし市,23236,0
愛知県,,,長久手市,23238,0
愛知県,,愛知郡,東郷町,23302,0
愛知県,,丹羽郡,大口町,23361,0
愛知県,,知多郡,阿久比町,23441,0
愛知県,,知多郡,東浦町,23442,0
三重県,,,亀山市,24210,0
三重県,,,いなべ市,24214,0
三重県,,三重郡,朝日町,24343,0
三重県,,三重郡,川越町,24344,0
三重県,,多気郡,多気町,24441,0
三重県,,多気郡,明和町,24442,0
三重県,,度会郡,玉城町,24461,0
三重県,,度会郡,度会町,24470,0
三重県,,度会郡,大紀町,24471,0
三重県,,度会郡,南伊勢町,24472,0
滋賀県,,,守山市,25207,0
滋賀県,,,栗東市,25208,0
滋賀県,,蒲生郡,日野町,25383,0
滋賀県,,蒲生郡,竜王町,25384,0
兵庫県,,,高砂市,28216,0
兵庫県,,多可郡,多可町,28365,0
兵庫県,,揖保郡,太子町,28464,0
奈良県,,,五條市,29207,0
和歌山県,,,海南市,30202,0
和歌山県,,,橋本市,30203,0
和歌山県,,,有田市,30204,0
和歌山県,,,御坊市,30205,0
和歌山県,,海草郡,紀美野町,30304,0
和歌山県,,伊都郡,かつらぎ町,30341,0
和歌山県,,伊都郡,九度山町,30343,0
和歌山県,,有田郡,湯浅町,30361,0
和歌山県,,有田郡,広川町,30362,0
和歌山県,,有田郡,有田川町,30366,0
和歌山県,,日高郡,美浜町,30381,0
和歌山県,,日高郡,日高町,30382,0
和歌山県,,日高郡,由良町,30383,0
和歌山県,,日高郡,印南町,30390,0
和歌山県,,日高郡,みなべ町,30391,0
和歌山県,,日高郡,日高川町,30392,0
岡山県,,,浅口市,33216,0
広島県,,広島市,東区,34102,0
広島県,,,大竹市,34211,0
広島県,,安芸郡,海田町,34304,0
広島県,,安芸郡,熊野町,34307,0
山口県,,,宇部市,35202,0
山口県,,,下松市,35207,0
山口県,,,柳井市,35212,0
山口県,,,山陽小野田市,35216,0
山口県,,玖珂郡,和木町,35321,0
徳島県,,,小松島市,36203,0
徳島県,,,阿波市,36206,0
徳島県,,,美馬市,36207,0
徳島県,,勝浦郡,勝浦町,36301,0
徳島県,,勝浦郡,上勝町,36302,0
徳島県,,海部郡,牟岐町,36383,0
香川県,,,善通寺市,37204,0
香川県,,綾歌郡,宇多津町,37386,0
愛媛県,,,八幡浜市,38204,0
愛媛県,,,新居浜市,38205,0
愛媛県,,,伊予市,38210,0
愛媛県,,,東温市,38215,0
愛媛県,,上浮穴郡,久万高原町,38386,0
愛媛県,,伊予郡,松前町,38401,0
愛媛県,,伊予郡,砥部町,38402,0
愛媛県,,喜多郡,内子町,38422,0
愛媛県,,西宇和郡,伊方町,38442,0
高知県,,,南国市,39204,0
高知県,,安芸郡,奈半利町,39302,0
高知県,,安芸郡,田野町,39303,0
高知県,,安芸郡,北川村,39305,0
高知県,,安芸郡,芸西村,39307,0
高知県,,長岡郡,本山町,39341,0
高知県,,長岡郡,大豊町,39344,0
高知県,,土佐郡,大川村,39364,0
高知県,,吾川郡,いの町,39386,0
福岡県,,,直方市,40204,0
福岡県,,,田川市,40206,0
福岡県,,,柳川市,40207,0
福岡県,,,八女市,40210,0
福岡県,,,行橋市,40213,0
福岡県,,,豊前市,40214,0
福岡県,,,春日市,40218,0
福岡県,,,太宰府市,40221,0
福岡県,,,古賀市,40223,0
福岡県,,,うきは市,40225,0
福岡県,,,宮若市,40226,0
福岡県,,,嘉麻市,40227,0
福岡県,,,みやま市,40229,0
福岡県,,,那珂川市,40231,0
福岡県,,糟屋郡,篠栗町,40342,0
福岡県,,糟屋郡,志免町,40343,0
福岡県,,糟屋郡,須恵町,40344,0
福岡県,,糟屋郡,久山町,40348,0
福岡県,,糟屋郡,粕屋町,40349,0
福岡県,,遠賀郡,芦屋町,40381,0
福岡県,,鞍手郡,小竹町,40401,0
福岡県,,鞍手郡,鞍手町,40402,0
福岡県,,嘉穂郡,桂川町,40421,0
福岡県,,朝倉郡,筑前町,40447,0
福岡県,,朝倉郡,東峰村,40448,0
福岡県,,三井郡,大刀洗町,40503,0
福岡県,,八女郡,広川町,40544,0
福岡県,,田川郡,香春町,40601,0
福岡県,,田川郡,添田町,40602,0
福岡県,,田川郡,糸田町,40604,0
福岡県,,田川郡,川崎町,40605,0
福岡県,,田川郡,福智町,40610,0
福岡県,,京都郡,苅田町,40621,0
福岡県,,京都郡,みやこ町,40625,0
福岡県,,築上郡,吉富町,40642,0
福岡県,,築上郡,上毛町,40646,0
福岡県,,築上郡,築上町,40647,0
佐賀県,,,多久市,41204,0
佐賀県,,,武雄市,41206,0
佐賀県,,,鹿島市,41207,0
佐賀県,,,嬉野市,41209,0
佐賀県,,三養基郡,みやき町,41346,0
佐賀県,,東松浦郡,玄海町,41387,0
佐賀県,,杵島郡,大町町,41423,0
佐賀県,,杵島郡,江北町,41424,0
佐賀県,,杵島郡,白石町,41425,0
長崎県,,,島原市,42203,0
長崎県,,,大村市,42205,0
長崎県,,,雲仙市,42213,0
熊本県,,,水俣市,43205,0
熊本県,,,玉名市,43206,0
熊本県,,,上天草市,43212,0
熊本県,,,阿蘇市,43214,0
熊本県,,,天草市,43215,0
熊本県,,,合志市,43216,0
熊本県,,下益城郡,美里町,43348,0
熊本県,,玉名郡,玉東町,43364,0
熊本県,,玉名郡,南関町,43367,0
熊本県,,玉名郡,長洲町,43368,0
熊本県,,玉名郡,和水町,43369,0
熊本県,,阿蘇郡,小国町,43424,0
熊本県,,阿蘇郡,産山村,43425,0
熊本県,,阿蘇郡,高森町,43428,0
熊本県,,上益城郡,山都町,43447,0
熊本県,,八代郡,氷川町,43468,0
熊本県,,球磨郡,山江村,43512,0
熊本県,,球磨郡,あさぎり町,43514,0
熊本県,,天草郡,苓北町,43531,0
大分県,,,竹田市,44208,0
大分県,,,杵築市,44210,0
大分県,,,宇佐市,44211,0
大分県,,,豊後大野市,44212,0
大分県,,東国東郡,姫島村,44322,0
大分県,,速見郡,日出町,44341,0
大分県,,玖珠郡,玖珠町,44462,0
宮崎県,,,串間市,45207,0
宮崎県,,北諸県郡,三股町,45341,0
宮崎県,,西諸県郡,高原町,45361,0
宮崎県,,東諸県郡,国富町,45382,0
宮崎県,,東諸県郡,綾町,45383,0
宮崎県,,児湯郡,都農町,45406,0
宮崎県,,東臼杵郡,門川町,45421,0
宮崎県,,東臼杵郡,美郷町,45431,0
宮崎県,,西臼杵郡,日之影町,45442,0
鹿児島県,,,出水市,46208,0
鹿児島県,,,指宿市,46210,0
鹿児島県,,,垂水市,46214,0
鹿児島県,,,曽於市,46217,0
鹿児島県,,,いちき串木野市,46219,0
鹿児島県,,,伊佐市,46224,0
鹿児島県,,,姶良市,46225,0
鹿児島県,,薩摩郡,さつま町,46392,0
鹿児島県,,出水郡,長島町,46404,0
愛知県,,,所属未定地,,0
福岡県,,,所属未定地,,0
鹿児島県,,,所属未定地,,0
沖縄県,,,所属未定地,,0
千葉県,,,所属未定地,,0
和歌山県,,,所属未定地,,0
北海道,石狩振興局,札幌市,南区,01106,1
北海道,石狩振興局,,千歳市,01224,1
北海道,空知総合振興局,,滝川市,01225,1
北海道,後志総合振興局,寿都郡,黒松内町,01393,1
北海道,後志総合振興局,虻田郡,倶知安町,01400,1
北海道,上川総合振興局,上川郡,当麻町,01454,1
北海道,宗谷総合振興局,天塩郡,幌延町,01520,1
北海道,十勝総合振興局,広尾郡,大樹町,01641,1
北海道,釧路総合振興局,釧路郡,釧路町,01661,1
北海道,根室振興局,国後郡,留夜別村,01697,1
北海道,根室振興局,紗那郡,紗那村,01699,1
青森県,,,五所川原市,02205,1
宮城県,,,大崎市,04215,1
山形県,,東村山郡,中山町,06302,1
福島県,,大沼郡,会津美里町,07447,1
福島県,,東白川郡,塙町,07483,1
茨城県,,東茨城郡,城里町,08310,1
栃木県,,芳賀郡,益子町,09342,1
群馬県,,,みどり市,10212,1
埼玉県,,さいたま市,桜区,11106,1
埼玉県,,,深谷市,11218,1
埼玉県,,児玉郡,美里町,11381,1
埼玉県,,大里郡,寄居町,11408,1
千葉県,,,流山市,12220,1
千葉県,,印旛郡,栄町,12329,1
東京都,,,葛飾区,13122,1
東京都,,,東久留米市,13222,1
東京都,,,多摩市,13224,1
神奈川県,,横浜市,磯子区,14107,1
新潟県,,新潟市,北区,15101,1
新潟県,,新潟市,秋葉区,15105,1
新潟県,,東蒲原郡,阿賀町,15385,1
富山県,,,氷見市,16205,1
富山県,,,黒部市,16207,1
富山県,,,砺波市,16208,1
富山県,,中新川郡,上市町,16322,1
石川県,,,能美市,17211,1
福井県,,,越前市,18209,1
長野県,,,岡谷市,20204,1
長野県,,,諏訪市,20206,1
長野県,,,大町市,20212,1
長野県,,南佐久郡,佐久穂町,20309,1
長野県,,諏訪郡,下諏訪町,20361,1
長野県,,北安曇郡,松川村,20482,1
岐阜県,,,中津川市,21206,1
岐阜県,,,郡上市,21219,1
静岡県,,,藤枝市,22214,1
静岡県,,,裾野市,22220,1
静岡県,,榛原郡,川根本町,22429,1
愛知県,,,犬山市,23215,1
愛知県,,,東海市,23222,1
愛知県,,,知立市,23225,1
三重県,,三重郡,菰野町,24341,1
滋賀県,,,近江八幡市,25204,1
京都府,,綴喜郡,井手町,26343,1
京都府,,綴喜郡,宇治田原町,26344,1
大阪府,,堺市,西区,27144,1
大阪府,,堺市,美原区,27147,1
兵庫県,,,相生市,28208,1
奈良県,,宇陀郡,御杖村,29386,1
和歌山県,,,紀の川市,30208,1
岡山県,,岡山市,南区,33104,1
岡山県,,,玉野市,33204,1
岡山県,,都窪郡,早島町,33423,1
広島県,,,府中市,34208,1
山口県,,,防府市,35206,1
山口県,,熊毛郡,田布施町,35343,1
山口県,,熊毛郡,平生町,35344,1
高知県,,土佐郡,土佐町,39363,1
福岡県,,,小郡市,40216,1
福岡県,,,朝倉市,40228,1
福岡県,,,糸島市,40230,1
福岡県,,遠賀郡,岡垣町,40383,1
福岡県,,三潴郡,大木町,40522,1
佐賀県,,三養基郡,基山町,41341,1
長崎県,,,諫早市,42204,1
長崎県,,,平戸市,42207,1
長崎県,,,松浦市,42208,1
熊本県,,菊池郡,菊陽町,43404,1
熊本県,,阿蘇郡,南小国町,43423,1
熊本県,,阿蘇郡,南阿蘇村,43433,1
熊本県,,上益城郡,嘉島町,43442,1
大分県,,,由布市,44213,1
宮崎県,,,西都市,45208,1
宮崎県,,児湯郡,川南町,45405,1
鹿児島県,,,霧島市,46218,1
北海道,石狩振興局,札幌市,東区,01103,2
北海道,十勝総合振興局,河東郡,上士幌町,01633,2
北海道,根室振興局,択捉郡,留別村,01698,2
青森県,,下北郡,大間町,02423,2
青森県,,下北郡,佐井村,02426,2
青森県,,三戸郡,新郷村,02450,2
宮城県,,黒川郡,大和町,04421,2
山形県,,西村山郡,朝日町,06323,2
山形県,,西村山郡,大江町,06324,2
群馬県,,,桐生市,10203,2
群馬県,,吾妻郡,草津町,10426,2
群馬県,,吾妻郡,高山村,10428,2
埼玉県,,秩父郡,横瀬町,11361,2
千葉県,,,柏市,12217,2
東京都,,西多摩郡,日の出町,13305,2
東京都,,三宅支庁,御蔵島村,13382,2
神奈川県,,横浜市,神奈川区,14102,2
新潟県,,,妙高市,15217,2
新潟県,,,魚沼市,15225,2
新潟県,,岩船郡,粟島浦村,15586,2
山梨県,,南都留郡,西桂町,19423,2
山梨県,,南都留郡,忍野村,19424,2
山梨県,,南都留郡,山中湖村,19425,2
長野県,,北佐久郡,立科町,20324,2
長野県,,北安曇郡,白馬村,20485,2
岐阜県,,,本巣市,21218,2
愛知県,,西春日井郡,豊山町,23342,2
滋賀県,,,米原市,25214,2
京都府,,相楽郡,笠置町,26364,2
兵庫県,,,西脇市,28213,2
和歌山県,,東牟婁郡,太地町,30422,2
岡山県,,岡山市,中区,33102,2
広島県,,安芸郡,府中町,34302,2
山口県,,,光市,35210,2
山口県,,熊毛郡,上関町,35341,2
徳島県,,名東郡,佐那河内村,36321,2
高知県,,安芸郡,馬路村,39306,2
福岡県,,,中間市,40215,2
福岡県,,,筑紫野市,40217,2
福岡県,,,大野城市,40219,2
福岡県,,糟屋郡,宇美町,40341,2
福岡県,,遠賀郡,水巻町,40382,2
福岡県,,遠賀郡,遠賀町,40384,2
福岡県,,田川郡,大任町,40608,2
熊本県,,上益城郡,益城町,43443,2
大分県,,,津久見市,44207,2
鹿児島県,,姶良郡,湧水町,46452,2
北海道,石狩振興局,札幌市,豊平区,01105,3
北海道,上川総合振興局,中川郡,音威子府村,01470,3
青森県,,下北郡,風間浦村,02425,3
山形県,,,酒田市,06204,3
福島県,,,須賀川市,07207,3
福島県,,岩瀬郡,天栄村,07344,3
福島県,,南会津郡,南会津町,07368,3
茨城県,,,石岡市,08205,3
茨城県,,,取手市,08217,3
群馬県,,邑楽郡,大泉町,10524,3
千葉県,,香取郡,多古町,12347,3
東京都,,,府中市,13206,3
神奈川県,,,伊勢原市,14214,3
新潟県,,,三条市,15204,3
新潟県,,,加茂市,15209,3
山梨県,,南巨摩郡,身延町,19365,3
山梨県,,北都留郡,丹波山村,19443,3
長野県,,下高井郡,木島平村,20562,3
長野県,,下水内郡,栄村,20602,3
静岡県,,,磐田市,22211,3
静岡県,,賀茂郡,西伊豆町,22306,3
愛知県,,,西尾市,23213,3
滋賀県,,,草津市,25206,3
滋賀県,,,湖南市,25211,3
京都府,,乙訓郡,大山崎町,26303,3
大阪府,,,藤井寺市,27226,3
岡山県,,,瀬戸内市,33212,3
徳島県,,,三好市,36208,3
熊本県,,,宇城市,43213,3
熊本県,,上益城郡,甲佐町,43444,3
大分県,,玖珠郡,九重町,44461,3
宮崎県,,,日南市,45204,3
沖縄県,,国頭郡,金武町,47314,3
沖縄県,,島尻郡,渡嘉敷村,47353,3
沖縄県,,島尻郡,渡名喜村,47356,3
沖縄県,,島尻郡,北大東村,47358,3
沖縄県,,宮古郡,多良間村,47375,3
沖縄県,,八重山郡,与那国町,47382,3
北海道,上川総合振興局,上川郡,東神楽町,01453,4
北海道,上川総合振興局,上川郡,東川町,01458,4
北海道,根室振興局,国後郡,泊村,01696,4
岩手県,,九戸郡,野田村,03503,4
福島県,,双葉郡,川内村,07544,4
茨城県,,,牛久市,08219,4
栃木県,,河内郡,上三川町,09301,4
群馬県,,邑楽郡,板倉町,10521,4
千葉県,,,旭市,12215,4
千葉県,,印旛郡,酒々井町,12322,4
東京都,,八丈支庁,青ヶ島村,13402,4
神奈川県,,,茅ヶ崎市,14207,4
新潟県,,,阿賀野市,15223,4
富山県,,,小矢部市,16209,4
長野県,,下伊那郡,高森町,20403,4
岐阜県,,安八郡,神戸町,21381,4
岐阜県,,加茂郡,東白川村,21507,4
滋賀県,,,彦根市,25202,4
滋賀県,,,東近江市,25213,4
大阪府,,泉南郡,田尻町,27362,4
島根県,,邑智郡,邑南町,32449,4
島根県,,隠岐郡,知夫村,32527,4
岡山県,,浅口郡,里庄町,33445,4
佐賀県,,三養基郡,上峰町,41345,4
熊本県,,球磨郡,多良木町,43505,4
熊本県,,球磨郡,水上村,43507,4
沖縄県,,国頭郡,宜野座村,47313,4
沖縄県,,島尻郡,与那原町,47348,4
北海道,渡島総合振興局,山越郡,長万部町,01347,5
北海道,檜山振興局,瀬棚郡,今金町,01370,5
岩手県,,気仙郡,住田町,03441,5
宮城県,,,富谷市,04216,5
宮城県,,柴田郡,川崎町,04324,5
宮城県,,本吉郡,南三陸町,04606,5
秋田県,,山本郡,藤里町,05346,5
福島県,,西白河郡,泉崎村,07464,5
福島県,,双葉郡,葛尾村,07548,5
栃木県,,,足利市,09202,5
群馬県,,,藤岡市,10209,5
埼玉県,,さいたま市,西区,11101,5
埼玉県,,比企郡,滑川町,11341,5
千葉県,,,佐倉市,12212,5
東京都,,,小平市,13211,5
山梨県,,南巨摩郡,早川町,19364,5
長野県,,,駒ヶ根市,20210,5
長野県,,,塩尻市,20215,5
長野県,,木曽郡,木曽町,20432,5
長野県,,上高井郡,高山村,20543,5
長野県,,上水内郡,小川村,20588,5
静岡県,,榛原郡,吉田町,22424,5
愛知県,,名古屋市,昭和区,23107,5
三重県,,員弁郡,東員町,24324,5
滋賀県,,,野洲市,25210,5
奈良県,,,橿原市,29205,5
和歌山県,,伊都郡,高野町,30344,5
和歌山県,,東牟婁郡,北山村,30427,5
山口県,,,美祢市,35213,5
徳島県,,,吉野川市,36205,5
徳島県,,名西郡,石井町,36341,5
香川県,,仲多度郡,琴平町,37403,5
高知県,,,香南市,39211,5
福岡県,,田川郡,赤村,40609,5
熊本県,,葦北郡,津奈木町,43484,5
鹿児島県,,鹿児島郡,三島村,46303,5
沖縄県,,国頭郡,伊江村,47315,5
沖縄県,,島尻郡,座間味村,47354,5
沖縄県,,島尻郡,粟国村,47355,5
沖縄県,,島尻郡,伊平屋村,47359,5
沖縄県,,島尻郡,伊是名村,47360,5
秋田県,,南秋田郡,大潟村,05368,6
秋田県,,雄勝郡,東成瀬村,05464,6
福島県,,東白川郡,棚倉町,07481,6
福島県,,石川郡,平田村,07503,6
埼玉県,,,坂戸市,11239,6
神奈川県,,,南足柄市,14217,6
神奈川県,,愛甲郡,清川村,14402,6
富山県,,,南砺市,16210,6
富山県,,,射水市,16211,6
山梨県,,西八代郡,市川三郷町,19346,6
長野県,,下伊那郡,松川町,20402,6
長野県,,北安曇郡,池田町,20481,6
静岡県,,静岡市,駿河区,22102,6
静岡県,,賀茂郡,松崎町,22305,6
大阪府,,堺市,北区,27146,6
大阪府,,,羽曳野市,27222,6
大阪府,,,大阪狭山市,27231,6
大阪府,,泉南郡,岬町,27366,6
兵庫県,,加古郡,稲美町,28381,6
奈良県,,磯城郡,川西町,29361,6
奈良県,,吉野郡,上北山村,29451,6
宮崎県,,児湯郡,高鍋町,45401,6
宮崎県,,児湯郡,木城町,45404,6
宮崎県,,西臼杵郡,五ヶ瀬町,45443,6
鹿児島県,,熊毛郡,南種子町,46502,6
鹿児島県,,大島郡,与論町,46535,6
沖縄県,,国頭郡,東村,47303,6
沖縄県,,島尻郡,南大東村,47357,6
東京都,,,所属未定地,,6
北海道,空知総合振興局,,歌志内市,01227,7
北海道,オホーツク総合振興局,紋別郡,興部町,01561,7
青森県,,東津軽郡,蓬田村,02304,7
岩手県,,岩手郡,葛巻町,03302,7
山形県,,最上郡,大蔵村,06365,7
福島県,,,郡山市,07203,7
茨城県,,,古河市,08204,7
茨城県,,,那珂市,08226,7
埼玉県,,,飯能市,11209,7
埼玉県,,秩父郡,東秩父村,11369,7
東京都,,,国分寺市,13214,7
神奈川県,,横浜市,保土ケ谷区,14106,7
神奈川県,,川崎市,高津区,14134,7
山梨県,,,笛吹市,19211,7
長野県,,下伊那郡,根羽村,20410,7
長野県,,北安曇郡,小谷村,20486,7
長野県,,埴科郡,坂城町,20521,7
愛知県,,丹羽郡,扶桑町,23362,7
三重県,,,鳥羽市,24211,7
京都府,,,向日市,26208,7
奈良県,,生駒郡,安堵町,29345,7
奈良県,,磯城郡,三宅町,29362,7
徳島県,,那賀郡,那賀町,36368,7
徳島県,,板野郡,北島町,36402,7
徳島県,,三好郡,東みよし町,36489,7
高知県,,安芸郡,東洋町,39301,7
鹿児島県,,肝属郡,東串良町,46482,7
鹿児島県,,肝属郡,錦江町,46490,7
沖縄県,,中頭郡,嘉手納町,47325,7
北海道,石狩振興局,,石狩市,01235,8
北海道,渡島総合振興局,上磯郡,知内町,01333,8
北海道,檜山振興局,久遠郡,せたな町,01371,8
北海道,空知総合振興局,雨竜郡,妹背牛町,01433,8
北海道,上川総合振興局,空知郡,中富良野町,01461,8
秋田県,,仙北郡,美郷町,05434,8
山形県,,最上郡,舟形町,06363,8
福島県,,東白川郡,矢祭町,07482,8
茨城県,,,つくばみらい市,08235,8
埼玉県,,,川越市,11201,8
埼玉県,,秩父郡,長瀞町,11363,8
千葉県,,,野田市,12208,8
東京都,,,北区,13117,8
富山県,,下新川郡,入善町,16342,8
長野県,,下伊那郡,下條村,20411,8
岐阜県,,,可児市,21214,8
京都府,,相楽郡,和束町,26365,8
和歌山県,,西牟婁郡,上富田町,30404,8
島根県,,隠岐郡,西ノ島町,32526,8
徳島県,,名西郡,神山町,36342,8
香川県,,香川郡,直島町,37364,8
長崎県,,,南島原市,42214,8
熊本県,,,荒尾市,43204,8
熊本県,,球磨郡,相良村,43510,8
鹿児島県,,,南九州市,46223,8
北海道,檜山振興局,檜山郡,厚沢部町,01363,9
北海道,空知総合振興局,雨竜郡,北竜町,01437,9
青森県,,中津軽郡,西目屋村,02343,9
福島県,,,喜多方市,07208,9
栃木県,,下都賀郡,壬生町,09361,9
群馬県,,,前橋市,10201,9
群馬県,,利根郡,川場村,10444,9
群馬県,,利根郡,昭和村,10448,9
群馬県,,邑楽郡,千代田町,10523,9
千葉県,,,我孫子市,12222,9
新潟県,,,糸魚川市,15216,9
岐阜県,,,美濃市,21207,9
静岡県,,,袋井市,22216,9
愛知県,,知多郡,南知多町,23445,9
愛知県,,北設楽郡,豊根村,23563,9
奈良県,,宇陀郡,曽爾村,29385,9
奈良県,,吉野郡,下北山村,29450,9
島根県,,,雲南市,32209,9
広島県,,広島市,西区,34104,9
山口県,,大島郡,周防大島町,35305,9
山口県,,阿武郡,阿武町,35502,9
福岡県,,,福津市,40224,9
佐賀県,,神埼郡,吉野ヶ里町,41327,9
長崎県,,西彼杵郡,時津町,42308,9
鹿児島県,,大島郡,天城町,46531,9
北海道,渡島総合振興局,二海郡,八雲町,01346,10
北海道,留萌振興局,苫前郡,初山別村,01485,10
北海道,オホーツク総合振興局,紋別郡,西興部村,01562,10
青森県,,東津軽郡,今別町,02303,10
青森県,,三戸郡,田子町,02443,10
岩手県,,,陸前高田市,03210,10
宮城県,,宮城郡,松島町,04401,10
福島県,,大沼郡,昭和村,07446,10
福島県,,石川郡,浅川町,07504,10
福島県,,田村郡,小野町,07522,10
福島県,,相馬郡,新地町,07561,10
埼玉県,,児玉郡,上里町,11385,10
富山県,,中新川郡,舟橋村,16321,10
山梨県,,南巨摩郡,富士川町,19368,10
長野県,,下高井郡,野沢温泉村,20563,10
京都府,,相楽郡,南山城村,26367,10
大阪府,,南河内郡,千早赤阪村,27383,10
兵庫県,,,小野市,28218,10
和歌山県,,,田辺市,30206,10
徳島県,,板野郡,松茂町,36401,10
徳島県,,板野郡,藍住町,36403,10
愛媛県,,北宇和郡,松野町,38484,10
佐賀県,,,鳥栖市,41203,10
熊本県,,,山鹿市,43208,10
熊本県,,球磨郡,湯前町,43506,10
大分県,,,日田市,44204,10
鹿児島県,,熊毛郡,中種子町,46501,10
北海道,上川総合振興局,上川郡,剣淵町,01465,11
北海道,留萌振興局,苫前郡,羽幌町,01484,11
北海道,オホーツク総合振興局,斜里郡,清里町,01546,11
北海道,日高振興局,幌泉郡,えりも町,01609,11
岩手県,,九戸郡,洋野町,03507,11
宮城県,,,名取市,04207,11
福島県,,双葉郡,広野町,07541,11
群馬県,,邑楽郡,邑楽町,10525,11
埼玉県,,,幸手市,11240,11
埼玉県,,秩父郡,皆野町,11362,11
千葉県,,長生郡,一宮町,12421,11
千葉県,,夷隅郡,御宿町,12443,11
東京都,,,小金井市,13210,11
東京都,,,福生市,13218,11
新潟県,,南魚沼郡,湯沢町,15461,11
山梨県,,中巨摩郡,昭和町,19384,11
長野県,,下伊那郡,売木村,20412,11
長野県,,上高井郡,小布施町,20541,11
岐阜県,,,飛騨市,21217,11
岐阜県,,不破郡,垂井町,21361,11
岐阜県,,加茂郡,坂祝町,21501,11
静岡県,,,下田市,22219,11
三重県,,,鈴鹿市,24207,11
三重県,,,伊賀市,24216,11
京都府,,,綾部市,26203,11
大阪府,,南河内郡,太子町,27381,11
奈良県,,吉野郡,川上村,29452,11
広島県,,豊田郡,大崎上島町,34431,11
宮崎県,,東臼杵郡,諸塚村,45429,11
鹿児島県,,曽於郡,大崎町,46468,11
鹿児島県,,大島郡,大和村,46523,11
北海道,渡島総合振興局,亀田郡,七飯町,01337,12
北海道,渡島総合振興局,茅部郡,鹿部町,01343,12
岩手県,,,奥州市,03215,12
岩手県,,九戸郡,軽米町,03501,12
岩手県,,九戸郡,九戸村,03506,12
秋田県,,鹿角郡,小坂町,05303,12
福島県,,,白河市,07205,12
福島県,,石川郡,玉川村,07502,12
群馬県,,多野郡,上野村,10366,12
埼玉県,,さいたま市,南区,11108,12
埼玉県,,,白岡市,11246,12
埼玉県,,秩父郡,小鹿野町,11365,12
埼玉県,,北葛飾郡,杉戸町,11464,12
東京都,,,練馬区,13120,12
長野県,,上伊那郡,南箕輪村,20385,12
長野県,,上水内郡,信濃町,20583,12
岐阜県,,加茂郡,富加町,21502,12
岐阜県,,加茂郡,川辺町,21503,12
岐阜県,,加茂郡,八百津町,21505,12
静岡県,,賀茂郡,南伊豆町,22304,12
愛知県,,名古屋市,東区,23102,12
愛知県,,,一宮市,23203,12
愛知県,,海部郡,大治町,23424,12
滋賀県,,犬上郡,甲良町,25442,12
兵庫県,,,丹波市,28223,12
奈良県,,吉野郡,黒滝村,29444,12
福岡県,,,大川市,40212,12
宮崎県,,東臼杵郡,椎葉村,45430,12
鹿児島県,,肝属郡,肝付町,46492,12
沖縄県,,島尻郡,南風原町,47350,12
北海道,石狩振興局,札幌市,西区,01107,13
北海道,上川総合振興局,上川郡,愛別町,01456,13
岩手県,,,大船渡市,03203,13
宮城県,,黒川郡,大郷町,04422,13
秋田県,,山本郡,八峰町,05349,13
秋田県,,南秋田郡,五城目町,05361,13
山形県,,最上郡,金山町,06361,13
山形県,,最上郡,鮭川村,06366,13
福島県,,南会津郡,檜枝岐村,07364,13
福島県,,双葉郡,楢葉町,07542,13
群馬県,,甘楽郡,甘楽町,10384,13
群馬県,,吾妻郡,長野原町,10424,13
千葉県,,,富里市,12233,13
東京都,,,三鷹市,13204,13
東京都,,西多摩郡,檜原村,13307,13
神奈川県,,足柄上郡,開成町,14366,13
愛知県,,,小牧市,23219,13
京都府,,京都市,下京区,26106,13
大阪府,,堺市,南区,27145,13
兵庫県,,神崎郡,福崎町,28443,13
鳥取県,,西伯郡,日吉津村,31384,13
広島県,,広島市,佐伯区,34108,13
香川県,,木田郡,三木町,37341,13
高知県,,高岡郡,日高村,39410,13
高知県,,幡多郡,三原村,39427,13
佐賀県,,藤津郡,太良町,41441,13
長崎県,,西彼杵郡,長与町,42307,13
鹿児島県,,大島郡,宇検村,46524,13
北海道,胆振総合振興局,,苫小牧市,01213,14
北海道,上川総合振興局,中川郡,中川町,01471,14
北海道,宗谷総合振興局,宗谷郡,猿払村,01511,14
山形県,,最上郡,最上町,06362,14
山形県,,最上郡,戸沢村,06367,14
茨城県,,,土浦市,08203,14
群馬県,,甘楽郡,南牧村,10383,14
群馬県,,利根郡,片品村,10443,14
東京都,,大島支庁,大島町,13361,14
神奈川県,,横浜市,緑区,14113,14
山梨県,,南都留郡,富士河口湖町,19430,14
愛知県,,名古屋市,名東区,23115,14
三重県,,南牟婁郡,御浜町,24561,14
京都府,,,城陽市,26207,14
京都府,,久世郡,久御山町,26322,14
京都府,,与謝郡,与謝野町,26465,14
奈良県,,吉野郡,野迫川村,29447,14
徳島県,,板野郡,上板町,36405,14
宮崎県,,西臼杵郡,高千穂町,45441,14
沖縄県,,国頭郡,恩納村,47311,14
沖縄県,,中頭郡,北中城村,47327,14
北海道,上川総合振興局,上川郡,下川町,01468,15
青森県,,南津軽郡,大鰐町,02362,15
青森県,,上北郡,六ヶ所村,02411,15
岩手県,,和賀郡,西和賀町,03366,15
秋田県,,南秋田郡,井川町,05366,15
山形県,,最上郡,真室川町,06364,15
千葉県,,長生郡,白子町,12424,15
東京都,,大島支庁,新島村,13363,15
神奈川県,,愛甲郡,愛川町,14401,15
新潟県,,新潟市,江南区,15104,15
新潟県,,新潟市,南区,15106,15
石川県,,能美郡,川北町,17324,15
山梨県,,,上野原市,19212,15
長野県,,下伊那郡,喬木村,20415,15
愛知県,,海部郡,蟹江町,23425,15
京都府,,,八幡市,26210,15
岡山県,,和気郡,和気町,33346,15
徳島県,,美馬郡,つるぎ町,36468,15
長崎県,,,西海市,42212,15
長崎県,,北松浦郡,小値賀町,42383,15
宮崎県,,,都城市,45202,15
鹿児島県,,大島郡,龍郷町,46527,15
北海道,オホーツク総合振興局,斜里郡,小清水町,01547,16
北海道,オホーツク総合振興局,常呂郡,置戸町,01550,16
青森県,,上北郡,六戸町,02405,16
青森県,,下北郡,東通村,02424,16
宮城県,,亘理郡,山元町,04362,16
栃木県,,,佐野市,09204,16
群馬県,,吾妻郡,嬬恋村,10425,16
群馬県,,邑楽郡,明和町,10522,16
千葉県,,,習志野市,12216,16
東京都,,,立川市,13202,16
神奈川県,,横浜市,南区,14105,16
新潟県,,新潟市,西蒲区,15108,16
長野県,,下伊那郡,泰阜村,20414,16
岐阜県,,加茂郡,七宗町,21504,16
三重県,,南牟婁郡,紀宝町,24562,16
滋賀県,,犬上郡,豊郷町,25441,16
大阪府,,大阪市,西淀川区,27113,16
大阪府,,,四條畷市,27229,16
兵庫県,,神崎郡,神河町,28446,16
奈良県,,生駒郡,斑鳩町,29344,16
徳島県,,海部郡,美波町,36387,16
徳島県,,板野郡,板野町,36404,16
高知県,,,室戸市,39202,16
高知県,,,土佐市,39205,16
鹿児島県,,,鹿屋市,46203,16
鹿児島県,,大島郡,伊仙町,46532,16
沖縄県,,国頭郡,大宜味村,47302,16
北海道,渡島総合振興局,松前郡,福島町,01332,17
北海道,空知総合振興局,雨竜郡,秩父別町,01434,17
北海道,宗谷総合振興局,枝幸郡,中頓別町,01513,17
青森県,,三戸郡,三戸町,02441,17
秋田県,,北秋田郡,上小阿仁村,05327,17
茨城県,,猿島郡,五霞町,08542,17
千葉県,,,松戸市,12207,17
千葉県,,長生郡,睦沢町,12422,17
千葉県,,安房郡,鋸南町,12463,17
福井県,,三方上中郡,若狭町,18501,17
長野県,,下伊那郡,阿南町,20404,17
京都府,,与謝郡,伊根町,26463,17
島根県,,鹿足郡,津和野町,32501,17
高知県,,安芸郡,安田町,39304,17
長崎県,,東彼杵郡,川棚町,42322,17
鹿児島県,,,西之表市,46213,17
鹿児島県,,大島郡,徳之島町,46530,17
沖縄県,,中頭郡,中城村,47328,17
北海道,留萌振興局,苫前郡,苫前町,01483,18
青森県,,北津軽郡,中泊町,02387,18
秋田県,,,潟上市,05211,18
山形県,,北村山郡,大石田町,06341,18
群馬県,,多野郡,神流町,10367,18
埼玉県,,比企郡,ときがわ町,11349,18
神奈川県,,横浜市,旭区,14112,18
神奈川県,,相模原市,緑区,14151,18
新潟県,,中魚沼郡,津南町,15482,18
長野県,,,松本市,20202,18
長野県,,,上田市,20203,18
岐阜県,,安八郡,輪之内町,21382,18
岐阜県,,大野郡,白川村,21604,18
愛知県,,額田郡,幸田町,23501,18
島根県,,隠岐郡,海士町,32525,18
岡山県,,真庭郡,新庄村,33586,18
愛媛県,,,西予市,38214,18
熊本県,,菊池郡,大津町,43403,18
宮崎県,,,えびの市,45209,18
鹿児島県,,,志布志市,46221,18
鹿児島県,,鹿児島郡,十島村,46304,18
北海道,渡島総合振興局,上磯郡,木古内町,01334,19
福島県,,大沼郡,三島町,07444,19
埼玉県,,さいたま市,北区,11102,19
埼玉県,,,鶴ヶ島市,11241,19
千葉県,,長生郡,長生村,12423,19
神奈川県,,横浜市,金沢区,14108,19
長野県,,上水内郡,飯綱町,20590,19
奈良県,,吉野郡,東吉野村,29453,19
岡山県,,小田郡,矢掛町,33461,19
岡山県,,英田郡,西粟倉村,33643,19
香川県,,,観音寺市,37205,19
愛媛県,,,西条市,38206,19
福岡県,,糟屋郡,新宮町,40345,19
宮崎県,,,小林市,45205,19
沖縄県,,国頭郡,今帰仁村,47306,19
北海道,空知総合振興局,雨竜郡,雨竜町,01436,20
北海道,上川総合振興局,上川郡,和寒町,01464,20
北海道,宗谷総合振興局,利尻郡,利尻町,01518,20
青森県,,南津軽郡,田舎館村,02367,20
埼玉県,,児玉郡,神川町,11383,20
山梨県,,,南アルプス市,19208,20
岐阜県,,,高山市,21203,20
岐阜県,,可児郡,御嵩町,21521,20
静岡県,,田方郡,函南町,22325,20
愛知県,,,高浜市,23227,20
三重県,,桑名郡,木曽岬町,24303,20
大阪府,,,阪南市,27232,20
香川県,,綾歌郡,綾川町,37387,20
長崎県,,東彼杵郡,波佐見町,42323,20
大分県,,,中津市,44203,20
鹿児島県,,肝属郡,南大隅町,46491,20
鹿児島県,,大島郡,和泊町,46533,20
鹿児島県,,大島郡,知名町,46534,20
沖縄県,,中頭郡,読谷村,47324,20
沖縄県,,中頭郡,北谷町,47326,20
北海道,留萌振興局,天塩郡,遠別町,01486,21
岩手県,,下閉伊郡,山田町,03482,21
福島県,,相馬郡,飯舘村,07564,21
茨城県,,,水戸市,08201,21
埼玉県,,比企郡,嵐山町,11342,21
埼玉県,,南埼玉郡,宮代町,11442,21
神奈川県,,横浜市,栄区,14115,21
神奈川県,,横浜市,泉区,14116,21
山梨県,,,中央市,19214,21
愛知県,,北設楽郡,設楽町,23561,21
三重県,,,松阪市,24204,21
鳥取県,,日野郡,江府町,31403,21
熊本県,,,菊池市,43210,21
北海道,宗谷総合振興局,利尻郡,利尻富士町,01519,22
岩手県,,岩手郡,岩手町,03303,22
山形県,,西置賜郡,飯豊町,06403,22
茨城県,,,小美玉市,08236,22
群馬県,,甘楽郡,下仁田町,10382,22
東京都,,西多摩郡,瑞穂町,13303,22
神奈川県,,,三浦市,14210,22
長野県,,木曽郡,南木曽町,20423,22
愛知県,,,岡崎市,23202,22
三重県,,北牟婁郡,紀北町,24543,22
愛媛県,,越智郡,上島町,38356,22
高知県,,高岡郡,佐川町,39402,22
福岡県,,,久留米市,40203,22
熊本県,,球磨郡,錦町,43501,22
大分県,,,大分市,44201,22
宮崎県,,,日向市,45206,22
青森県,,西津軽郡,深浦町,02323,23
青森県,,三戸郡,階上町,02446,23
岩手県,,,八幡平市,03214,23
茨城県,,,桜川市,08231,23
群馬県,,吾妻郡,東吾妻町,10429,23
埼玉県,,,吉川市,11243,23
東京都,,三宅支庁,三宅村,13381,23
神奈川県,,,横須賀市,14201,23
福井県,,,鯖江市,18207,23
岐阜県,,,美濃加茂市,21211,23
岐阜県,,,各務原市,21213,23
奈良県,,吉野郡,大淀町,29442,23
奈良県,,吉野郡,天川村,29446,23
長崎県,,東彼杵郡,東彼杵町,42321,23
熊本県,,上益城郡,御船町,43441,23
沖縄県,,国頭郡,国頭村,47301,23
沖縄県,,中頭郡,西原町,47329,23
沖縄県,,島尻郡,八重瀬町,47362,23
北海道,上川総合振興局,雨竜郡,幌加内町,01472,24
北海道,オホーツク総合振興局,常呂郡,佐呂間町,01552,24
青森県,,北津軽郡,鶴田町,02384,24
栃木県,,,下野市,09216,24
群馬県,,,伊勢崎市,10204,24
群馬県,,,太田市,10205,24
埼玉県,,,鴻巣市,11217,24
埼玉県,,北葛飾郡,松伏町,11465,24
山梨県,,,甲州市,19213,24
長野県,,下高井郡,山ノ内町,20561,24
大阪府,,,和泉市,27219,24
大阪府,,,泉南市,27228,24
奈良県,,,宇陀市,29212,24
奈良県,,高市郡,高取町,29401,24
島根県,,邑智郡,川本町,32441,24
香川県,,,三豊市,37208,24
北海道,根室振興局,,根室市,01223,25
北海道,檜山振興局,奥尻郡,奥尻町,01367,25
北海道,上川総合振興局,上川郡,上川町,01457,25
北海道,留萌振興局,留萌郡,小平町,01482,25
北海道,オホーツク総合振興局,網走郡,津別町,01544,25
北海道,日高振興局,様似郡,様似町,01608,25
宮城県,,,角田市,04208,25
秋田県,,山本郡,三種町,05348,25
埼玉県,,比企郡,鳩山町,11348,25
東京都,,,昭島市,13207,25
石川県,,,野々市市,17212,25
山梨県,,,山梨市,19205,25
奈良県,,山辺郡,山添村,29322,25
和歌山県,,西牟婁郡,すさみ町,30406,25
岡山県,,,赤磐市,33213,25
長崎県,,,佐世保市,42202,25
長崎県,,北松浦郡,佐々町,42391,25
鹿児島県,,熊毛郡,屋久島町,46505,25
北海道,オホーツク総合振興局,紋別郡,雄武町,01563,26
北海道,根室振興局,目梨郡,羅臼町,01694,26
岩手県,,二戸郡,一戸町,03524,26
宮城県,,宮城郡,七ヶ浜町,04404,26
茨城県,,,筑西市,08227,26
茨城県,,猿島郡,境町,08546,26
栃木県,,塩谷郡,塩谷町,09384,26
静岡県,,,御前崎市,22223,26
大阪府,,泉北郡,忠岡町,27341,26
兵庫県,,,朝来市,28225,26
兵庫県,,神崎郡,市川町,28442,26
広島県,,,竹原市,34203,26
高知県,,高岡郡,津野町,39411,26
沖縄県,,島尻郡,久米島町,47361,26
北海道,オホーツク総合振興局,網走郡,大空町,01564,27
北海道,胆振総合振興局,勇払郡,安平町,01585,27
青森県,,,弘前市,02202,27
青森県,,三戸郡,南部町,02445,27
福島県,,大沼郡,金山町,07445,27
茨城県,,東茨城郡,大洗町,08309,27
千葉県,,,八街市,12230,27
千葉県,,長生郡,長柄町,12426,27
福井県,,大飯郡,おおい町,18483,27
山梨県,,,甲府市,19201,27
愛知県,,名古屋市,天白区,23116,27
愛知県,,,春日井市,23206,27
愛知県,,,豊田市,23211,27
高知県,,高岡郡,中土佐町,39401,27
高知県,,高岡郡,越知町,39403,27
鹿児島県,,,阿久根市,46206,27
北海道,檜山振興局,檜山郡,上ノ国町,01362,28
北海道,胆振総合振興局,勇払郡,厚真町,01581,28
青森県,,東津軽郡,平内町,02301,28
秋田県,,南秋田郡,八郎潟町,05363,28
栃木県,,,那須塩原市,09213,28
群馬県,,,高崎市,10202,28
群馬県,,吾妻郡,中之条町,10421,28
長野県,,下伊那郡,豊丘村,20416,28
愛知県,,,田原市,23231,28
奈良県,,吉野郡,下市町,29443,28
香川県,,,さぬき市,37206,28
福岡県,,,飯塚市,40205,28
沖縄県,,,豊見城市,47212,28
北海道,オホーツク総合振興局,常呂郡,訓子府町,01549,29
岩手県,,,一関市,03209,29
岩手県,,上閉伊郡,大槌町,03461,29
埼玉県,,,蕨市,11223,29
神奈川県,,横浜市,西区,14103,29
福井県,,三方郡,美浜町,18442,29
愛知県,,知多郡,美浜町,23446,29
大阪府,,,泉佐野市,27213,29
大阪府,,南河内郡,河南町,27382,29
高知県,,幡多郡,大月町,39424,29
青森県,,北津軽郡,板柳町,02381,30
栃木県,,那須郡,那珂川町,09411,30
長野県,,下伊那郡,天龍村,20413,30
岐阜県,,加茂郡,白川町,21506,30
奈良県,,北葛城郡,河合町,29427,30
山口県,,,長門市,35211,30
沖縄県,,国頭郡,本部町,47308,30
北海道,渡島総合振興局,松前郡,松前町,01331,31
岩手県,,下閉伊郡,普代村,03485,31
福島県,,南会津郡,只見町,07367,31
神奈川県,,横浜市,港南区,14111,31
滋賀県,,犬上郡,多賀町,25443,31
大阪府,,大阪市,西成区,27122,31
広島県,,山県郡,安芸太田町,34368,31
鹿児島県,,大島郡,喜界町,46529,31
沖縄県,,,石垣市,47207,31
青森県,,南津軽郡,藤崎町,02361,32
宮城県,,,東松島市,04214,32
福島県,,,田村市,07211,32
福島県,,耶麻郡,西会津町,07405,32
茨城県,,,常陸太田市,08212,32
埼玉県,,,上尾市,11219,32
埼玉県,,,八潮市,11234,32
福井県,,,坂井市,18210,32
長野県,,下伊那郡,大鹿村,20417,32
三重県,,,名張市,24208,32
京都府,,相楽郡,精華町,26366,32
大阪府,,泉南郡,熊取町,27361,32
島根県,,飯石郡,飯南町,32386,32
山口県,,,下関市,35201,32
香川県,,仲多度郡,まんのう町,37406,32
北海道,空知総合振興局,雨竜郡,沼田町,01438,33
北海道,オホーツク総合振興局,紋別郡,湧別町,01559,33
青森県,,西津軽郡,鰺ヶ沢町,02321,33
宮城県,,牡鹿郡,女川町,04581,33
福島県,,,南相馬市,07212,33
新潟県,,,新発田市,15206,33
福井県,,,あわら市,18208,33
大阪府,,,岸和田市,27202,33
大阪府,,豊能郡,能勢町,27322,33
兵庫県,,神戸市,垂水区,28108,33
奈良県,,,桜井市,29206,33
奈良県,,高市郡,明日香村,29402,33
広島県,,広島市,安佐南区,34105,33
北海道,檜山振興局,檜山郡,江差町,01361,34
北海道,オホーツク総合振興局,網走郡,美幌町,01543,34
北海道,胆振総合振興局,勇払郡,むかわ町,01586,34
千葉県,,長生郡,長南町,12427,34
東京都,,西多摩郡,奥多摩町,13308,34
神奈川県,,川崎市,多摩区,14135,34
愛知県,,北設楽郡,東栄町,23562,34
兵庫県,,,明石市,28203,34
和歌山県,,東牟婁郡,串本町,30428,34
広島県,,安芸郡,坂町,34309,34
愛媛県,,,大洲市,38207,34
熊本県,,,宇土市,43211,34
北海道,オホーツク総合振興局,斜里郡,斜里町,01545,35
秋田県,,,仙北市,05215,35
茨城県,,,坂東市,08228,35
石川県,,鹿島郡,中能登町,17407,35
静岡県,,,湖西市,22221,35
大阪府,,三島郡,島本町,27301,35
熊本県,,球磨郡,球磨村,43513,35
北海道,オホーツク総合振興局,,紋別市,01219,36
北海道,後志総合振興局,虻田郡,ニセコ町,01395,36
青森県,,上北郡,横浜町,02406,36
宮城県,,宮城郡,利府町,04406,36
東京都,,,江戸川区,13123,36
島根県,,仁多郡,奥出雲町,32343,36
福島県,,双葉郡,浪江町,07547,37
埼玉県,,,久喜市,11232,37
静岡県,,周智郡,森町,22461,37
奈良県,,吉野郡,吉野町,29441,37
香川県,,,東かがわ市,37207,37
佐賀県,,西松浦郡,有田町,41401,37
北海道,渡島総合振興局,茅部郡,森町,01345,38
宮城県,,柴田郡,柴田町,04323,38
栃木県,,,宇都宮市,09201,38
新潟県,,,長岡市,15202,38
石川県,,河北郡,内灘町,17365,38
長野県,,下伊那郡,阿智村,20407,38
広島県,,世羅郡,世羅町,34462,38
愛媛県,,北宇和郡,鬼北町,38488,38
佐賀県,,,伊万里市,41205,38
大分県,,,佐伯市,44205,38
東京都,,,武蔵野市,13203,39
神奈川県,,横浜市,都筑区,14118,39
福井県,,大飯郡,高浜町,18481,39
愛知県,,名古屋市,千種区,23101,39
京都府,,,京田辺市,26211,39
愛媛県,,,四国中央市,38213,39
高知県,,幡多郡,黒潮町,39428,39
熊本県,,阿蘇郡,西原村,43432,39
岩手県,,下閉伊郡,田野畑村,03484,40
福島県,,河沼郡,柳津町,07423,40
静岡県,,,熱海市,22205,40
大阪府,,,貝塚市,27208,40
大阪府,,豊能郡,豊能町,27321,40
奈良県,,北葛城郡,広陵町,29426,40
和歌山県,,,岩出市,30209,40
島根県,,,浜田市,32202,40
広島県,,神石郡,神石高原町,34545,40
北海道,石狩振興局,,北広島市,01234,41
埼玉県,,比企郡,小川町,11343,41
東京都,,,あきる野市,13228,41
富山県,,,魚津市,16204,41
三重県,,多気郡,大台町,24443,41
滋賀県,,愛知郡,愛荘町,25425,41
大阪府,,堺市,東区,27143,41
鹿児島県,,,日置市,46216,41
岩手県,,,久慈市,03207,42
栃木県,,,日光市,09206,42
千葉県,,,鴨川市,12223,42
京都府,,,宇治市,26204,42
和歌山県,,東牟婁郡,古座川町,30424,42
島根県,,隠岐郡,隠岐の島町,32528,42
宮崎県,,,宮崎市,45201,42
北海道,オホーツク総合振興局,,網走市,01211,43
北海道,宗谷総合振興局,枝幸郡,枝幸町,01514,43
埼玉県,,,三郷市,11237,43
東京都,,,八王子市,13201,43
福井県,,今立郡,池田町,18382,43
奈良県,,,葛城市,29211,43
奈良県,,磯城郡,田原本町,29363,43
岡山県,,加賀郡,吉備中央町,33681,43
沖縄県,,,宮古島市,47214,43
北海道,釧路総合振興局,,釧路市,01206,44
北海道,宗谷総合振興局,天塩郡,豊富町,01516,44
北海道,釧路総合振興局,厚岸郡,厚岸町,01662,44
秋田県,,,鹿角市,05209,44
群馬県,,利根郡,みなかみ町,10449,44
千葉県,,,成田市,12211,44
神奈川県,,高座郡,寒川町,14321,44
石川県,,,かほく市,17209,44
三重県,,,津市,24201,44
滋賀県,,,高島市,25212,44
京都府,,,京丹後市,26212,44
大阪府,,大阪市,東成区,27115,44
徳島県,,,鳴門市,36202,44
福岡県,,,宗像市,40220,44
沖縄県,,,糸満市,47210,44
北海道,釧路総合振興局,厚岸郡,浜中町,01663,45
神奈川県,,,藤沢市,14205,45
静岡県,,,牧之原市,22226,45
愛知県,,名古屋市,西区,23104,45
愛知県,,,岩倉市,23228,45
京都府,,船井郡,京丹波町,26407,45
奈良県,,北葛城郡,上牧町,29424,45
奈良県,,北葛城郡,王寺町,29425,45
鳥取県,,八頭郡,若桜町,31325,45
鳥取県,,日野郡,日野町,31402,45
沖縄県,,八重山郡,竹富町,47381,45
岩手県,,下閉伊郡,岩泉町,03483,46
秋田県,,,にかほ市,05214,46
東京都,,,西東京市,13229,46
東京都,,小笠原支庁,小笠原村,13421,46
新潟県,,新潟市,中央区,15103,46
静岡県,,浜松市,浜北区,22136,46
愛知県,,,あま市,23237,46
大阪府,,堺市,中区,27142,46
高知県,,,香美市,39212,46
北海道,釧路総合振興局,阿寒郡,鶴居村,01667,47
千葉県,,,船橋市,12204,47
石川県,,羽咋郡,宝達志水町,17386,47
岐阜県,,,岐阜市,21201,47
大阪府,,大阪市,都島区,27102,47
大阪府,,大阪市,福島区,27103,47
大阪府,,大阪市,大正区,27108,47
大阪府,,大阪市,旭区,27117,47
大阪府,,,河内長野市,27216,47
奈良県,,生駒郡,三郷町,29343,47
香川県,,小豆郡,小豆島町,37324,47
茨城県,,,潮来市,08223,48
栃木県,,,矢板市,09211,48
埼玉県,,比企郡,吉見町,11347,48
千葉県,,千葉市,美浜区,12106,48
富山県,,下新川郡,朝日町,16343,48
山梨県,,,大月市,19206,48
静岡県,,浜松市,西区,22133,48
静岡県,,,沼津市,22203,48
和歌山県,,西牟婁郡,白浜町,30401,48
熊本県,,葦北郡,芦北町,43482,48
沖縄県,,,南城市,47215,48
埼玉県,,,行田市,11206,49
香川県,,,坂出市,37203,49
香川県,,仲多度郡,多度津町,37404,49
大分県,,,別府市,44202,49
鹿児島県,,,薩摩川内市,46215,49
栃木県,,,さくら市,09214,50
神奈川県,,横浜市,青葉区,14117,50
新潟県,,新潟市,西区,15107,50
鳥取県,,,境港市,31204,50
熊本県,,,人吉市,43203,50
鹿児島県,,,南さつま市,46220,50
秋田県,,雄勝郡,羽後町,05463,51
山形県,,,新庄市,06205,51
福島県,,石川郡,石川町,07501,51
埼玉県,,,羽生市,11216,51
北海道,根室振興局,野付郡,別海町,01691,52
千葉県,,,勝浦市,12218,52
東京都,,,羽村市,13227,52
神奈川県,,横浜市,戸塚区,14110,52
神奈川県,,横浜市,瀬谷区,14114,52
福井県,,,大野市,18205,52
大阪府,,,高石市,27225,52
高知県,,,安芸市,39203,52
北海道,空知総合振興局,,深川市,01228,53
埼玉県,,さいたま市,大宮区,11103,53
埼玉県,,,加須市,11210,53
山梨県,,,都留市,19204,53
岐阜県,,,下呂市,21220,53
三重県,,,四日市市,24202,53
岡山県,,久米郡,久米南町,33663,53
福岡県,,,大牟田市,40202,53
北海道,宗谷総合振興局,礼文郡,礼文町,01517,54
栃木県,,,大田原市,09210,54
埼玉県,,比企郡,川島町,11346,54
静岡県,,,富士市,22210,54
愛知県,,,蒲郡市,23214,54
大阪府,,,泉大津市,27206,54
兵庫県,,川辺郡,猪名川町,28301,54
広島県,,,安芸高田市,34214,54
宮崎県,,,延岡市,45203,54
鹿児島県,,大島郡,瀬戸内町,46525,54
北海道,胆振総合振興局,,伊達市,01233,55
宮城県,,,気仙沼市,04205,55
石川県,,鳳珠郡,穴水町,17461,55
大阪府,,,守口市,27209,55
鳥取県,,西伯郡,大山町,31386,55
岩手県,,,遠野市,03208,56
千葉県,,夷隅郡,大多喜町,12441,56
静岡県,,静岡市,葵区,22101,56
奈良県,,,大和郡山市,29203,56
和歌山県,,東牟婁郡,那智勝浦町,30421,56
岡山県,,勝田郡,勝央町,33622,56
秋田県,,,大館市,05204,57
福島県,,双葉郡,大熊町,07545,57
神奈川県,,川崎市,幸区,14132,57
愛知県,,名古屋市,中区,23106,57
三重県,,,尾鷲市,24209,57
鳥取県,,東伯郡,三朝町,31364,57
青森県,,,平川市,02210,58
福島県,,,相馬市,07209,58
埼玉県,,,戸田市,11224,58
岐阜県,,養老郡,養老町,21341,58
静岡県,,,富士宮市,22207,58
京都府,,,木津川市,26214,58
大阪府,,大阪市,此花区,27104,58
大阪府,,大阪市,港区,27107,58
兵庫県,,加古郡,播磨町,28382,58
佐賀県,,,唐津市,41202,58
佐賀県,,,神埼市,41210,58
宮崎県,,児湯郡,西米良村,45403,58
北海道,オホーツク総合振興局,紋別郡,遠軽町,01555,59
栃木県,,,那須烏山市,09215,59
静岡県,,浜松市,南区,22134,59
静岡県,,,島田市,22209,59
大阪府,,大阪市,鶴見区,27124,59
鳥取県,,岩美郡,岩美町,31302,59
島根県,,,安来市,32206,59
岡山県,,,備前市,33211,59
大分県,,,豊後高田市,44209,59
秋田県,,,湯沢市,05207,60
岐阜県,,,大垣市,21202,60
大阪府,,大阪市,西区,27106,60
兵庫県,,,芦屋市,28206,60
静岡県,,浜松市,東区,22132,61
三重県,,,熊野市,24212,61
福井県,,,小浜市,18204,62
鳥取県,,東伯郡,北栄町,31372,62
岡山県,,,井原市,33207,62
宮城県,,,石巻市,04202,63
千葉県,,千葉市,緑区,12105,63
富山県,,,高岡市,16202,63
大阪府,,大阪市,浪速区,27111,63
広島県,,,江田島市,34215,63
熊本県,,球磨郡,五木村,43511,63
茨城県,,,行方市,08233,64
埼玉県,,さいたま市,緑区,11109,64
千葉県,,,いすみ市,12238,64
愛知県,,名古屋市,南区,23112,64
鳥取県,,東伯郡,湯梨浜町,31370,64
鳥取県,,日野郡,日南町,31401,64
高知県,,高岡郡,梼原町,39405,64
北海道,空知総合振興局,,芦別市,01216,65
千葉県,,千葉市,稲毛区,12103,65
東京都,,八丈支庁,八丈町,13401,65
石川県,,,羽咋市,17207,65
大阪府,,大阪市,阿倍野区,27119,65
奈良県,,生駒郡,平群町,29342,65
高知県,,,土佐清水市,39209,65
長崎県,,南松浦郡,新上五島町,42411,65
北海道,釧路総合振興局,川上郡,弟子屈町,01665,66
山形県,,,尾花沢市,06212,66
福島県,,双葉郡,双葉町,07546,66
茨城県,,,日立市,08202,66
埼玉県,,さいたま市,見沼区,11104,66
大阪府,,大阪市,天王寺区,27109,66
山口県,,,山口市,35203,66
北海道,上川総合振興局,,旭川市,01204,67
北海道,日高振興局,浦河郡,浦河町,01607,67
埼玉県,,,蓮田市,11238,67
静岡県,,浜松市,北区,22135,67
愛知県,,,愛西市,23232,67
京都府,,,福知山市,26201,67
京都府,,,宮津市,26205,67
奈良県,,,御所市,29208,67
東京都,,,文京区,13105,68
京都府,,,舞鶴市,26202,68
大阪府,,,柏原市,27221,68
島根県,,,大田市,32205,68
沖縄県,,,宜野湾市,47205,68
埼玉県,,さいたま市,中央区,11105,69
埼玉県,,さいたま市,浦和区,11107,69
青森県,,,十和田市,02206,70
兵庫県,,,加東市,28228,70
香川県,,小豆郡,土庄町,37322,70
石川県,,鳳珠郡,能登町,17463,71
兵庫県,,,たつの市,28229,71
奈良県,,,天理市,29204,71
広島県,,,東広島市,34212,71
徳島県,,海部郡,海陽町,36388,71
宮城県,,亘理郡,亘理町,04361,72
埼玉県,,,秩父市,11207,72
長野県,,,佐久市,20217,72
大阪府,,,池田市,27204,72
兵庫県,,,加古川市,28210,72
福島県,,双葉郡,富岡町,07543,73
宮城県,,,多賀城市,04209,74
山梨県,,,北杜市,19209,74
兵庫県,,,三木市,28215,74
岡山県,,岡山市,東区,33103,74
広島県,,広島市,安芸区,34107,74
青森県,,,むつ市,02208,75
千葉県,,千葉市,花見川区,12102,75
新潟県,,新潟市,東区,15102,75
広島県,,,三原市,34204,75
大阪府,,大阪市,城東区,27118,76
高知県,,,須崎市,39206,76
沖縄県,,,浦添市,47208,76
群馬県,,,館林市,10207,77
広島県,,山県郡,北広島町,34369,77
山口県,,,萩市,35204,77
北海道,空知総合振興局,,三笠市,01222,78
長野県,,,伊那市,20209,78
三重県,,,志摩市,24215,78
京都府,,,長岡京市,26209,78
兵庫県,,,赤穂市,28212,78
大分県,,,国東市,44214,78
福島県,,伊達郡,川俣町,07308,79
神奈川県,,,厚木市,14212,79
愛知県,,海部郡,飛島村,23427,79
奈良県,,吉野郡,十津川村,29449,79
岩手県,,,釜石市,03211,80
愛知県,,名古屋市,北区,23103,80
京都府,,,南丹市,26213,80
奈良県,,,大和高田市,29202,80
愛媛県,,南宇和郡,愛南町,38506,80
高知県,,,高知市,39201,80
石川県,,,珠洲市,17205,81
広島県,,,福山市,34207,81
鹿児島県,,,奄美市,46222,81
埼玉県,,,東松山市,11212,82
東京都,,,板橋区,13119,82
愛知県,,名古屋市,瑞穂区,23108,82
鳥取県,,西伯郡,伯耆町,31390,82
鹿児島県,,,枕崎市,46204,82
北海道,石狩振興局,,江別市,01217,83
岡山県,,,総社市,33208,83
岡山県,,勝田郡,奈義町,33623,83
徳島県,,,阿南市,36204,83
東京都,,,足立区,13121,84
長野県,,,長野市,20201,84
島根県,,,益田市,32204,84
京都府,,京都市,東山区,26105,85
兵庫県,,,淡路市,28226,85
高知県,,吾川郡,仁淀川町,39387,85
福岡県,,,筑後市,40211,85
北海道,石狩振興局,札幌市,白石区,01104,86
茨城県,,,鹿嶋市,08222,86
大阪府,,,門真市,27223,86
大阪府,,,摂津市,27224,86
福井県,,,敦賀市,18202,87
愛知県,,名古屋市,熱田区,23109,87
大阪府,,大阪市,淀川区,27123,87
福岡県,,北九州市,戸畑区,40105,87
沖縄県,,,うるま市,47213,87
神奈川県,,,座間市,14216,88
愛知県,,,新城市,23221,88
兵庫県,,神戸市,西区,28111,88
大阪府,,大阪市,東淀川区,27114,89
青森県,,東津軽郡,外ヶ浜町,02307,90
宮城県,,,塩竈市,04203,90
大阪府,,大阪市,生野区,27116,90
兵庫県,,美方郡,新温泉町,28586,90
秋田県,,,男鹿市,05206,91
石川県,,河北郡,津幡町,17361,91
高知県,,,宿毛市,39208,91
北海道,根室振興局,標津郡,標津町,01693,92
沖縄県,,,名護市,47209,93
福岡県,,福岡市,城南区,40136,94
北海道,宗谷総合振興局,枝幸郡,浜頓別町,01512,95
栃木県,,那須郡,那須町,09407,95
岐阜県,,,多治見市,21204,95
山形県,,西置賜郡,小国町,06401,96
東京都,,,中野区,13114,96
石川県,,羽咋郡,志賀町,17384,96
鳥取県,,西伯郡,南部町,31389,96
東京都,,,渋谷区,13113,98
福井県,,丹生郡,越前町,18423,98
愛知県,,名古屋市,守山区,23113,98
奈良県,,,香芝市,29210,98
愛媛県,,,宇和島市,38203,98
山梨県,,,富士吉田市,19202,99
大阪府,,大阪市,住之江区,27125,100
香川県,,,丸亀市,37202,101
秋田県,,,能代市,05202,102
福島県,,安達郡,大玉村,07322,102
大阪府,,大阪市,東住吉区,27121,102
滋賀県,,,甲賀市,25209,103
兵庫県,,美方郡,香美町,28585,103
鳥取県,,八頭郡,八頭町,31329,103
岡山県,,,新見市,33210,103
千葉県,,千葉市,若葉区,12104,104
静岡県,,,菊川市,22224,104
岡山県,,,高梁市,33209,104
静岡県,,浜松市,天竜区,22137,105
大阪府,,大阪市,住吉区,27120,105
兵庫県,,,加西市,28220,105
茨城県,,,神栖市,08232,106
東京都,,,墨田区,13107,108
兵庫県,,,洲本市,28205,108
鳥取県,,東伯郡,琴浦町,31371,108
埼玉県,,,本庄市,11211,109
東京都,,,目黒区,13110,109
京都府,,,亀岡市,26206,109
熊本県,,,八代市,43202,109
千葉県,,,銚子市,12202,110
奈良県,,,生駒市,29209,110
北海道,上川総合振興局,,富良野市,01229,111
北海道,渡島総合振興局,,北斗市,01236,111
埼玉県,,,草加市,11221,111
兵庫県,,,三田市,28219,111
岡山県,,,倉敷市,33202,111
広島県,,広島市,中区,34101,112
神奈川県,,川崎市,麻生区,14137,113
愛知県,,,津島市,23208,114
島根県,,邑智郡,美郷町,32448,115
埼玉県,,さいたま市,岩槻区,11110,116
島根県,,,江津市,32207,116
長崎県,,,壱岐市,42210,116
大分県,,,臼杵市,44206,116
和歌山県,,,新宮市,30207,117
東京都,,,台東区,13106,118
北海道,留萌振興局,,留萌市,01212,119
栃木県,,,鹿沼市,09205,119
京都府,,京都市,南区,26107,119
兵庫県,,,川西市,28217,119
岩手県,,,北上市,03206,120
岡山県,,,笠岡市,33205,120
三重県,,,伊勢市,24203,121
千葉県,,千葉市,中央区,12101,122
神奈川県,,相模原市,南区,14153,123
大阪府,,大阪市,北区,27127,123
宮崎県,,児湯郡,新富町,45402,123
大阪府,,,大東市,27218,124
福岡県,,福岡市,中央区,40133,124
長崎県,,,五島市,42211,124
神奈川県,,,大和市,14213,125
兵庫県,,,南あわじ市,28224,125
秋田県,,,北秋田市,05213,127
東京都,,,豊島区,13116,127
熊本県,,熊本市,西区,43103,128
埼玉県,,,春日部市,11214,130
神奈川県,,川崎市,川崎区,14131,130
北海道,胆振総合振興局,,登別市,01230,131
広島県,,,庄原市,34210,131
福岡県,,北九州市,八幡東区,40108,131
北海道,胆振総合振興局,,室蘭市,01205,132
埼玉県,,,熊谷市,11202,132
東京都,,,品川区,13109,132
広島県,,,三次市,34209,133
高知県,,高岡郡,四万十町,39412,133
千葉県,,,南房総市,12234,134
愛知県,,名古屋市,中村区,23105,134
長崎県,,,対馬市,42209,134
秋田県,,,横手市,05203,135
滋賀県,,,長浜市,25203,135
青森県,,三戸郡,五戸町,02442,137
長野県,,,飯田市,20205,139
沖縄県,,,沖縄市,47211,139
北海道,オホーツク総合振興局,,北見市,01208,140
大阪府,,大阪市,平野区,27126,140
栃木県,,,栃木市,09203,141
石川県,,,加賀市,17206,141
広島県,,広島市,南区,34103,141
秋田県,,,大仙市,05212,144
神奈川県,,,綾瀬市,14218,144
京都府,,京都市,山科区,26110,145
大阪府,,,交野市,27230,145
千葉県,,,富津市,12226,146
青森県,,上北郡,おいらせ町,02412,147
東京都,,,港区,13103,148
神奈川県,,,鎌倉市,14204,148
滋賀県,,,大津市,25201,148
広島県,,広島市,安佐北区,34106,148
北海道,宗谷総合振興局,,稚内市,01214,150
宮城県,,仙台市,若林区,04103,150
福岡県,,福岡市,西区,40135,151
千葉県,,,木更津市,12206,153
岐阜県,,,関市,21205,153
神奈川県,,,海老名市,14215,154
鳥取県,,八頭郡,智頭町,31328,154
東京都,,,杉並区,13115,155
兵庫県,,赤穂郡,上郡町,28481,155
福岡県,,北九州市,若松区,40103,155
大阪府,,,寝屋川市,27215,156
東京都,,,新宿区,13104,157
大阪府,,,箕面市,27220,157
北海道,石狩振興局,,恵庭市,01231,158
埼玉県,,,所沢市,11208,160
新潟県,,,南魚沼市,15226,160
愛知県,,名古屋市,緑区,23114,161
島根県,,鹿足郡,吉賀町,32505,161
福岡県,,福岡市,南区,40134,161
佐賀県,,,小城市,41208,161
千葉県,,,館山市,12205,162
高知県,,,四万十市,39210,162
鹿児島県,,,鹿児島市,46201,162
東京都,,,江東区,13108,165
北海道,後志総合振興局,,小樽市,01203,168
岩手県,,,宮古市,03202,168
青森県,,,三沢市,02207,170
愛知県,,,弥富市,23235,170
福岡県,,福岡市,早良区,40137,170
東京都,,,青梅市,13205,171
石川県,,,七尾市,17202,171
大阪府,,,松原市,27217,171
福島県,,,福島市,07201,172
愛知県,,知多郡,武豊町,23447,172
大阪府,,,吹田市,27205,173
埼玉県,,,川口市,11203,175
熊本県,,熊本市,北区,43105,177
東京都,,,中央区,13102,181
岡山県,,久米郡,美咲町,33666,181
兵庫県,,,養父市,28222,183
埼玉県,,,越谷市,11222,184
三重県,,,桑名市,24205,185
宮城県,,仙台市,宮城野区,04102,186
大阪府,,大阪市,中央区,27128,186
大阪府,,,富田林市,27214,186
広島県,,,廿日市市,34213,186
宮城県,,仙台市,泉区,04105,187
岩手県,,,花巻市,03205,188
石川県,,,小松市,17203,188
石川県,,,輪島市,17204,188
青森県,,上北郡,東北町,02408,190
宮城県,,仙台市,太白区,04104,191
静岡県,,浜松市,中区,22131,192
京都府,,京都市,中京区,26104,192
愛知県,,名古屋市,港区,23111,193
福岡県,,北九州市,門司区,40101,197
熊本県,,熊本市,東区,43102,200
山形県,,,米沢市,06202,201
兵庫県,,,丹波篠山市,28221,201
兵庫県,,神戸市,東灘区,28101,202
熊本県,,熊本市,南区,43104,202
新潟県,,,十日町市,15210,203
石川県,,,白山市,17210,205
熊本県,,熊本市,中央区,43101,206
東京都,,,町田市,13209,211
福岡県,,福岡市,博多区,40132,213
北海道,渡島総合振興局,,函館市,01202,216
秋田県,,,由利本荘市,05210,218
島根県,,,出雲市,32203,221
山口県,,,岩国市,35208,227
福岡県,,北九州市,小倉北区,40106,229
沖縄県,,,那覇市,47201,229
青森県,,上北郡,七戸町,02402,231
千葉県,,,市川市,12203,232
香川県,,,高松市,37201,235
京都府,,京都市,上京区,26102,241
京都府,,京都市,北区,26101,242
福岡県,,福岡市,東区,40131,246
鳥取県,,,倉吉市,31203,254
兵庫県,,神戸市,北区,28109,259
神奈川県,,横浜市,中区,14104,265
大阪府,,,豊中市,27203,265
福島県,,,会津若松市,07202,267
福島県,,,いわき市,07204,268
青森県,,,八戸市,02203,269
愛知県,,名古屋市,中川区,23110,269
鳥取県,,,米子市,31202,270
京都府,,京都市,伏見区,26109,277
東京都,,,世田谷区,13112,285
岡山県,,苫田郡,鏡野町,33606,287
京都府,,京都市,西京区,26111,293
宮城県,,仙台市,青葉区,04101,294
広島県,,,尾道市,34205,295
兵庫県,,,宍粟市,28227,296
兵庫県,,佐用郡,佐用町,28501,296
大阪府,,,茨木市,27211,298
静岡県,,,掛川市,22213,300
兵庫県,,,宝塚市,28214,302
東京都,,,大田区,13111,303
新潟県,,,佐渡市,15224,306
茨城県,,,つくば市,08220,308
兵庫県,,神戸市,兵庫区,28105,308
兵庫県,,,豊岡市,28209,316
青森県,,,青森市,02201,330
岡山県,,岡山市,北区,33101,345
島根県,,,松江市,32201,346
福岡県,,北九州市,小倉南区,40107,350
岡山県,,,美作市,33215,352
兵庫県,,神戸市,灘区,28102,353
京都府,,京都市,右京区,26108,354
兵庫県,,神戸市,須磨区,28107,355
愛知県,,,刈谷市,23210,359
兵庫県,,神戸市,中央区,28110,359
大阪府,,,高槻市,27207,371
兵庫県,,,尼崎市,28202,384
兵庫県,,,伊丹市,28207,388
大阪府,,,枚方市,27210,391
東京都,,,千代田区,13101,395
千葉県,,,君津市,12225,396
岩手県,,,盛岡市,03201,402
兵庫県,,神戸市,長田区,28106,403
山口県,,,周南市,35215,411
福岡県,,北九州市,八幡西区,40109,412
愛知県,,,豊橋市,23201,432
兵庫県,,,西宮市,28204,456
徳島県,,,徳島市,36201,481
長崎県,,,長崎市,42201,482
大阪府,,堺市,堺区,27141,496
大阪府,,,東大阪市,27227,500
北海道,石狩振興局,札幌市,中央区,01101,506
岡山県,,,真庭市,33214,529
山形県,,,山形市,06201,540
愛媛県,,,今治市,38202,562
岡山県,,,津山市,33203,566
京都府,,京都市,左京区,26103,606
奈良県,,,奈良市,29201,615
大阪府,,,八尾市,27212,630
広島県,,,呉市,34202,641
兵庫県,,,姫路市,28201,650
愛媛県,,,松山市,38201,662
和歌山県,,,和歌山市,30201,669
鳥取県,,,鳥取市,31201,736
福井県,,,福井市,18201,737
佐賀県,,,佐賀市,41201,741
石川県,,,金沢市,17201,971
富山県,,,富山市,16201,1273
秋田県,,,秋田市,05201,2392
